,session_id,age,tracing_item,pre_tran,post_tran,rotate,translate,scale,norm_r,norm_t,norm_s,spatial
0,e11532111112405,7,this square,0.0389755144715,0.0146098369732,0.077623,0.0818627,0.026215153683531233,0.86068403665523252,0.040189233253597932,-0.62428956244347089,0.27658370746535954
1,e11532111112405,7,this shape,0.0563080757856,0.0350619293749,0.0428493,0.0473053,0.075460420171710479,0.089000530908096606,-0.39327405715919428,-0.41067657483112491,-0.71495010108222257
2,e11532111112405,7,this circle,0.0542330443859,0.0435462296009,0.00374043,0.167024,0.36315473840748969,-0.77888587012541888,1.1083901380286587,0.83726555686986648,1.1667698247731062
3,e11532113637303,4,this shape,0.0659659877419,0.0339701101184,0.0155123,0.0508782,0.053763158325178466,-0.51765064205325717,-0.34845839524571032,-0.50479357848583362,-1.370902615784801
4,e11532113637303,4,this circle,0.0603958554566,0.0443990938365,0.0658643,0.0732326,0.28449622612711323,0.59974092824897873,-0.068060518557146149,0.49606566076641345,1.027746070458246
5,e11532114278628,5,this square,0.0546294860542,0.020833702758,0.192194,0.0766991,0.2071037434581306,3.4031940740194848,-0.024578923118928217,0.16035746745962315,3.5389726183601797
6,e11532114278628,5,this shape,0.0809687376022,0.0609201006591,0.00149057,0.0976877,0.40617992075704967,-0.82881389625584323,0.23868711020386732,1.0238974587697498,0.43377067271777392
7,e11532114278628,5,this circle,0.051386822015,0.0355137325823,0.000189087,0.0149775,0.061574920790134081,-0.85769575081889671,-0.79877059478582157,-0.47090821167483865,-2.1273745572795568
8,e11532119809715,7,this square,0.0446450673044,0.0324294194579,0.0396968,0.0890933,0.1126417877659928,0.01904251852806842,0.13088538043742623,-0.24939360122321491,-0.099465702257720251
9,e11532119809715,7,this shape,0.0502148382366,0.031768091023,0.00755279,0.0747619,0.045890971322459596,-0.69428365506854961,-0.048878278100846037,-0.53894105101697543,-1.2821029841863711
10,e11532119809715,7,this circle,0.058290630579,0.0435589328408,0.0667635,0.175754,0.73730929015076507,0.61969383245963738,1.2178914357754282,2.460249395241906,4.2978346634769711
11,e11532122541242,5,this square,0.0428500063717,0.0349387191236,0.0550012,0.068619,0.074146917020401673,0.35867169151876505,-0.12593068679616179,-0.41637420533245761,-0.18363320060985436
12,e11532122541242,5,this shape,0.0595754943788,0.0489889159799,0.0252946,0.0186484,0.049719186210870119,-0.30056534081431596,-0.75272572262020621,-0.52233526374335526,-1.5756263271778774
13,e11532122541242,5,this circle,0.0519749894738,0.0450999289751,0.00387235,0.122339,0.37019903234079859,-0.77595839571205338,0.5478926921954218,0.86782184745415725,0.63975614393752567
14,e11532460938594,6,this square,0.0450003482401,0.0179802868515,0.0488511,0.0410207,0.021595566202513111,0.22218986186392656,-0.47210369472737407,-0.64432811546041402,-0.8942419483238615
15,e11532460938594,6,this shape,0.0551332458854,0.0394328199327,0.0372427,0.032438,0.082730250186474091,-0.035417759435367173,-0.57975874727259413,-0.37914196816470913,-0.99431847487267044
16,e11532460938594,6,this circle,0.0561340153217,0.022691283375,0.0379201,0.110993,0.045618290503306271,-0.020385953224956618,0.40557859262278967,-0.54012386854641048,-0.15493122914857743
17,e11532462743178,6,this square,0.0376783795655,0.0218240302056,0.00276127,0.0195033,0.046814134618284528,-0.80061505845275915,-0.74200230470979178,-0.53493661193606268,-2.0775539750986138
18,e11532462743178,6,this shape,0.0635767653584,0.0344643555582,0.0365121,0.0334815,0.14511176389771671,-0.05163050681421464,-0.56667017669275532,-0.1085474021095597,-0.72684808561652969
19,e11532462743178,6,this circle,0.0552626289427,0.0300548821688,0.02463,0.118377,0.082715326112347498,-0.3153142915674072,0.49819673007844434,-0.37920670486508407,-0.19632426635404693
20,e11532463640792,6,this square,0.0322264358401,0.0168042201549,0.0250361,0.025587,0.0075194348249330118,-0.30630082113519913,-0.66569253414026952,-0.70538666366241287,-1.6773800189378816
21,e11532463640792,6,this shape,0.0640923082829,0.033670630306,0.0108483,0.0640585,0.086245185964596557,-0.62115054574497852,-0.18313396197966089,-0.36389510310793266,-1.1681796108325722
22,e11532463640792,6,this circle,0.0582359805703,0.0312373191118,0.0923997,0.10039,0.2037793107864328,1.1886029193098944,0.27258323942596696,0.14593695467210641,1.6071231134079678
23,e11532466284265,5,this square,0.0438374467194,0.0158469993621,0.0583272,0.0579006,0.0034844227175034204,0.43247997719097248,-0.26037360725523551,-0.72288948277147214,-0.55078311283573522
24,e11532466284265,5,this shape,0.0714810490608,0.0298762787133,0.0229801,0.0586621,0.12140239853472033,-0.35192793196977712,-0.25082187820181923,-0.21139238053602499,-0.81414219070762139
25,e11532466284265,5,this circle,0.0518680252135,0.0420322008431,0.00414431,0.306251,0.46650602647730155,-0.76992323658573913,2.8547544601218426,1.2855762066553862,3.3704074301914897
26,e11532468221484,7,this square,0.03896041587,0.0193075258285,0.0329526,0.0240158,0.063663523796318899,-0.13062121040500613,-0.6854009014434439,-0.46184840227784085,-1.2778705141262909
27,e11532468221484,7,this shape,0.0600640363991,0.0244526416063,0.00984315,0.0545397,0.058855065900382475,-0.64345692061845505,-0.30253118260320255,-0.48270622537857905,-1.4286943286002367
28,e11532468221484,7,this circle,0.0521807484329,0.0334877111018,0.0229301,0.0718369,0.064430469009979618,-0.35303823161014758,-0.085567489266642816,-0.45852159606664122,-0.89712731694343162
29,e11532471274122,4,this square,0.0401595048606,0.0143950302154,0.0372095,0.0485273,0.024614534224733739,-0.036155754661873041,-0.37794663799688882,-0.63123262781821632,-1.0453350204769782
30,e11532471274122,4,this shape,0.0555931143463,0.0368219874799,0.00948194,0.0546282,0.19438048961703477,-0.65147281197614249,-0.30142019260264474,0.10516734546487015,-0.84772565911391706
31,e11532471274122,4,this circle,0.0609951615334,0.0435893349349,0.0139449,0.0609265,0.19378989750701259,-0.55243260426182439,-0.22241976648920755,0.10260551254002648,-0.67224685821100549
32,e11532472926384,4,this square,0.0466796420515,0.02281463705,0.0171051,0.0280611,0.067716481071291273,-0.48230288626003603,-0.63465978819328694,-0.44426774176136546,-1.5612304162146884
33,e11532472926384,4,this shape,0.0691772550344,0.0391913801432,0.0466748,0.117567,0.068577991736164509,0.17389536165096561,0.48804109646718785,-0.44053073554519145,0.22140572257296204
34,e11532472926384,4,this circle,0.0617752484977,0.0423665307462,0.134256,0.150065,0.4830532188252965,2.1174590714790176,0.89566452389257811,1.357353566107788,4.3704771614793838
35,e11532541142092,5,this square,0.0524587891996,0.0347875244915,0.0751985,0.0567967,0.08390346693023891,0.80688090264334777,-0.27422056308528686,-0.37405286312732267,0.15860747643073825
36,e11532541142092,5,this shape,0.0499866046011,0.0207205545157,0.00274682,0.0385044,0.02506317565515798,-0.8009357509427022,-0.50366658607523696,-0.62928653953087599,-1.9338888765488151
37,e11532541142092,5,this circle,0.055925514549,0.0365726538002,0.0249178,0.0844274,0.12920847077982095,-0.30892770220608939,0.072359346802724642,-0.17753169639912394,-0.41410005180248866
38,e11532542255729,6,this square,0.040168363601,0.0224692802876,0.00055447,0.0175278,0.076239402474932008,-0.84958734299499516,-0.76678152644014208,-0.40729755489774233,-2.0236664243328795
39,e11532542255729,6,this shape,0.0502370111644,0.0294015351683,0.00716904,0.0393804,0.047852711870482817,-0.70279971035250155,-0.49267873796574968,-0.53043153752933669,-1.7259099858475879
40,e11532542255729,6,this circle,0.0518022105098,0.0343551635742,0.00535742,0.0360242,0.052598322265132405,-0.74300234546372246,-0.53477617518574239,-0.50984633032594717,-1.787624850975412
41,e11532543756370,6,this square,0.0389646440744,0.014696309343,0.0393597,0.0428662,0.01361808270816601,0.011561460834308446,-0.4489554685587025,-0.67893233642172623,-1.1163263441461204
42,e11532543756370,6,this shape,0.0738802105188,0.0390620790422,0.055893,0.164704,0.17086941846017109,0.37846181846931504,1.0792896390116924,0.0031825150448816161,1.460933972525889
43,e11532543756370,6,this circle,0.048640538007,0.0370797738433,0.0547269,0.210549,0.39964072192334976,0.3525827142124961,1.6543424743643504,0.99553213761156079,3.0024573261884071
44,e11532544321666,4,this square,0.0392080694437,0.0302819889039,0.0310877,0.038006,0.019012892480607554,-0.17200830016031379,-0.5099173066495396,-0.65553107341164307,-1.3374566802214964
45,e11532544321666,4,this shape,0.0546796396375,0.0381119139493,0.033119,0.036702,0.063762693494750236,-0.12692900218206393,-0.52627398963848904,-0.46141823026186407,-1.114621222082417
46,e11532544321666,4,this circle,0.0590536557138,0.0367509275675,0.0359383,0.139443,0.35344342129644485,-0.064365574659800959,0.76243917856996701,0.7951404226249511,1.4932140265351173
47,e11532545713435,6,this square,0.0236484389752,0.0176721960306,0.00168972,0.0140033,0.017075848808418989,-0.82439434948805379,-0.81099046847161294,-0.66393345836068407,-2.299318276320351
48,e11532545713435,6,this shape,0.0534738264978,0.0197834242135,0.0188872,0.0480483,0.045472895295387755,-0.44275590704009088,-0.38395432950856945,-0.54075455463997535,-1.3674647911886355
49,e11532545713435,6,this circle,0.051375195384,0.026992186904,0.000223061,0.027702,0.13690656043560115,-0.85694182191573265,-0.63916334895871263,-0.14413941227627072,-1.640244583150716
50,e11532546711242,7,this square,0.0415380261838,0.00954535789788,0.0217917,0.0471108,0.018430691162866771,-0.37829999752777838,-0.39571336616824204,-0.65805650929093318,-1.4320698729869537
51,e11532546711242,7,this shape,0.0535312369466,0.0293658748269,0.00393596,0.0501648,0.062499790450477807,-0.77454676386594601,-0.35740593937705339,-0.46689637083434965,-1.5988490740773491
52,e11532546711242,7,this circle,0.0557330884039,0.0376618206501,0.13437,0.301763,0.36038849807112211,2.1199877819067496,2.7984558268634276,0.82526633532342408,5.7437099440936015
53,e11532547010484,6,this square,0.0347542241216,0.0142185501754,0.0127209,0.0423175,0.023489957580318122,-0.57959524317605682,-0.45583686847509497,-0.63611074492354958,-1.6715428565747015
54,e11532547010484,6,this shape,0.0528134144843,0.0439713522792,0.00533672,0.0251867,0.11847047513865409,-0.74346183574246361,-0.6707139276440105,-0.22411029153026399,-1.6382860549167382
55,e11532547010484,6,this circle,0.0633658841252,0.0293844826519,0.0951654,0.107757,0.22727471988161477,1.2499774693422525,0.36499297280177273,0.24785384719619985,1.8628242893402249
56,e11532547528521,4,this square,0.0512919127941,0.0233239047229,0.0546356,0.0266351,0.16714173126688228,0.35055721616784274,-0.65254651225635585,-0.012987209581013974,-0.31497650566952706
57,e11532547528521,4,this circle,0.0559880435467,0.0411290749907,0.00520632,0.228707,0.2523524359323594,-0.74635542061643567,1.8820959852071688,0.35663437028220057,1.4923749348729336
58,e11532552096322,4,this square,0.0784597024322,0.0432874299586,0.103618,0.143251,0.3130579481027489,1.4375425068358747,0.81019417910201963,0.61995888335732463,2.8676955692952188
59,e11532552096322,4,this shape,0.0900462865829,0.0580772273242,0.0531519,0.165791,0.9498147649614006,0.31763098912752813,1.0929207611097207,3.3820421399146605,4.7925938901519096
60,e11532552096322,4,this circle,0.0589259900153,0.0363439843059,0.135028,0.0610911,0.27938882244306146,2.1345866452470794,-0.22035493064067754,0.47391108962292128,2.3881428042293233
61,e11532552431212,6,this square,0.0561682507396,0.0162058249116,0.0340764,0.120027,0.29630018257002355,-0.1056822295620804,0.51890116141034048,0.54726811292537025,0.96048704477363034
62,e11532552431212,6,this shape,0.0609073899686,0.0445507019758,0.0375481,0.0296801,0.13136094504643267,-0.028641876972042398,-0.61435246943372168,-0.1681948303074359,-0.8111891767131999
63,e11532552431212,6,this circle,0.0605650953948,0.0323054008186,0.0253865,0.0884512,0.13186732002353652,-0.29852665690222369,0.12283060947863775,-0.16599830911006863,-0.34169435653365454
64,e11532553232054,6,this square,0.03516375646,0.019705587998,0.117134,0.0324708,0.094161417607202744,1.7375052010995227,-0.5793471258512064,-0.32955657653676662,0.82860149871154964
65,e11532553232054,6,this shape,0.0489498339593,0.0326005667448,0.00834943,0.042984,0.1230825585487058,-0.67660493064229255,-0.44747673413921846,-0.20410428919550219,-1.3281859539770133
66,e11532553232054,6,this circle,0.0613489151001,0.0308342073113,0.162671,0.125767,0.17549924616844673,2.748022298353348,0.59088785568941837,0.023265487468892662,3.362175641511659
67,e11532554214992,6,this square,0.0736365243793,0.0376608297229,0.0175173,0.0446367,0.12192894929850293,-0.47315470503791074,-0.42674660275263238,-0.20910834209330154,-1.1090096498838447
68,e11532554214992,6,this shape,0.0770494416356,0.0459874272346,0.0460479,0.10601,0.38300346726895157,0.15998274210756933,0.34307176069874074,0.92336411160957976,1.4264186144158897
69,e11532554214992,6,this circle,0.0541762746871,0.0382058732212,0.000150077,0.0393942,0.012017889122235111,-0.85856145313496179,-0.49250565977925631,-0.68587355447221365,-2.0369406673864319
70,e11532554599143,4,this circle,0.0593054741621,0.0417233109474,0.037694,0.0352599,0.19032856926755345,-0.02540311378297325,-0.54436257594930393,0.087591182857896979,-0.48217450687438018
71,e11532555203616,4,this square,0.0519236400723,0.0449061058462,0.00387659,0.0382508,0.052223571381353175,-0.77586421389713267,-0.50684745848051849,-0.51147190089553007,-1.7941835732731812
72,e11532555203616,4,this circle,0.0548366829753,0.0419887341559,0.105613,0.384683,0.54478636630731769,1.4818220550861962,3.8385540489267003,1.6251356903351692,6.9455117943480662
73,e11532555995167,5,this square,0.0510711744428,0.0236940346658,0.000207967,0.00764192,0.066386845536815509,-0.85727677659796209,-0.89078298195243555,-0.45003535028924468,-2.1980951088396425
74,e11532555995167,5,this shape,0.0518787428737,0.0295026022941,0.0154145,0.0382614,0.10166743030743007,-0.51981897321683013,-0.50671386492350323,-0.29699747162590895,-1.3235303097662423
75,e11532555995167,5,this circle,0.0531154312193,0.0423358902335,0.0513631,0.305536,0.38210176856017808,0.27793623725524969,2.845792150140896,0.91945278025038135,4.0431811676465266
76,e11532556623648,5,this shape,0.107804946601,0.0587543770671,0.00286944,0.14144,1.4268666054028767,-0.79821453305061263,0.78748374168314728,5.4513672984480772,5.4406365070806118
77,e11532557358704,7,this square,0.0333255082369,0.0106891421601,0.00602541,0.0120043,0.065877561740472906,-0.72817856801304059,-0.83606394414631935,-0.45224448917786075,-2.0164870013372207
78,e11532557358704,7,this shape,0.0572926402092,0.0252141989768,0.0309668,0.057752,0.032253442104313738,-0.17468970210628867,-0.26223854340565034,-0.59809705864337459,-1.0350253041553135
79,e11532557358704,7,this circle,0.0484963208437,0.0384176447988,0.00522114,0.0959339,0.12714450001198357,-0.74602654896185472,0.21668889139150999,-0.18648465763790859,-0.71582231520825335
80,e11532557578120,7,this square,0.0462158583105,0.0318118669093,0.00492178,0.0168903,0.045172160963224482,-0.75266998372693095,-0.7747777480016097,-0.54205906091544487,-2.0695067926439856
81,e11532557578120,7,this shape,0.049653057009,0.0216788109392,0.00279926,0.0460251,0.053267928637302023,-0.79977186563179503,-0.40933154478418121,-0.50694175435583344,-1.7160451647718096
82,e11532557578120,7,this circle,0.05324620381,0.0421332269907,0.0454964,0.204021,0.32298835130779069,0.14774543042405219,1.5724566797471933,0.66303435533864441,2.3832364655098899
83,e11532558017061,6,this square,0.0453923344612,0.0228865239769,0.00304281,0.0211522,0.10149127390253823,-0.79436715320896856,-0.72131988197018471,-0.29776159168494098,-1.8134486268640941
84,e11532558017061,6,this shape,0.0688046887517,0.0574985221028,0.0220374,0.0333823,0.17028266893177368,-0.37284807535934456,-0.56791368552076871,0.00063735022642762737,-0.94012441065368568
85,e11532558017061,6,this circle,0.0544703230262,0.0388559214771,0.0567327,0.415672,0.51327995006983418,0.39709464787580145,4.2272551335397637,1.4884691600999744,6.1128189415155392
86,e11532559138714,5,this square,0.0370510518551,0.0281528774649,0.0481696,0.00982395,0.10477913340875417,0.20706711863669552,-0.86341321807303062,-0.28349972365055792,-0.93984582308689291
87,e11532559138714,5,this shape,0.0647416338325,0.0534212701023,0.0506949,0.0191961,0.067878719815605143,0.26310746860239465,-0.74585535036364425,-0.44356399284597114,-0.92631187460722075
88,e11532559138714,5,this circle,0.0500291362405,0.0348693802953,0.0400949,0.0289529,0.026233034390948717,0.027876388352056018,-0.62347390948057102,-0.62421200064709015,-1.2198095217756051
89,e11533072218503,5,this square,0.0471081547439,0.0392323061824,0.027611,0.1746,0.32156563286392342,-0.24916104263614036,1.2034158566076623,0.65686297768149182,1.6111177916530137
90,e11533072218503,5,this shape,0.0634669959545,0.0536014512181,0.0810597,0.0232736,0.22186976544419029,0.93694877916180708,-0.6947106060727396,0.22440857930301078,0.46664675239207826
91,e11533072218503,5,this circle,0.0537069514394,0.0340381078422,0.0888897,0.161614,0.15108292628351866,1.1107102388622025,1.0405272277977482,-0.082646073358383365,2.0685913933015674
92,e11533073144281,5,this square,0.0351895429194,0.0243072416633,0.0639508,0.0171143,0.038413047152851494,0.55727532547418013,-0.77196782084024773,-0.57137831528463834,-0.78607081065070594
93,e11533073144281,5,this shape,0.0575833059847,0.0351227559149,0.0422958,0.0212611,0.22377965681397644,0.076719073436413918,-0.71995336333495108,0.23269318472012196,-0.41054110517841519
94,e11533073144281,5,this circle,0.0553666427732,0.0294234007597,0.0138202,0.0411636,0.041998126069062398,-0.55520097506388577,-0.47031048509323015,-0.55582718778080675,-1.5813386479379226
95,e11533077186611,5,this square,0.0513874217868,0.0376438461244,0.000948998,0.155709,0.97364843581551563,-0.84083213239883825,0.96646415600921609,3.4854263228013322,3.6110583464117099
96,e11533077186611,5,this shape,0.0598818734288,0.0502162910998,0.00167855,0.0415104,0.062252237702271035,-0.8246423181989202,-0.46596166202072364,-0.46797018941443164,-1.7585741696340755
97,e11533077186611,5,this circle,0.0533800795674,0.0408656448126,0.0785863,0.0844898,0.051210318806739263,0.88205985716908586,0.073141282648507555,-0.51586712352512298,0.43933401629247049
98,e11533077471951,5,this square,0.0770470350981,0.0468223802745,0.00544398,0.0856206,0.10842459308461989,-0.74108137331965307,0.087326217561417008,-0.26768668032447634,-0.92144183608271235
99,e11533077471951,5,this shape,0.0585564039648,0.0378510653973,0.0147396,0.0417704,0.096829218709733933,-0.53479760193990455,-0.46269948398787775,-0.3179843584433994,-1.3154814443711818
100,e11533077471951,5,this circle,0.0632792115211,0.0438600853086,0.0068169,0.0534888,0.20841265696895792,-0.71061424855419486,-0.31571297429050738,0.16603518931013042,-0.86029203353457184
101,e11533079562976,5,this shape,0.0807836055756,0.0420258715749,0.0182718,0.064832,0.33589170064875806,-0.45641134016591578,-0.17343205115211133,0.71900568414831711,0.08916229283028998
102,e11533079562976,5,this circle,0.0589718185365,0.0127975670621,0.0996993,0.15165,0.062055063489410367,1.3505910114525879,0.91554795529556277,-0.46882547918526457,1.797313487562886
103,e11533079944053,6,this square,0.0702814757824,0.0381618663669,0.0757396,0.407154,1.3724678082831336,0.8188872343041409,4.1204094458077867,5.2153996531505236,10.15469633326245
104,e11533080485289,4,this square,0.0654160380363,0.0296666007489,0.0415294,0.0658344,0.37977072614931295,0.059709635120203733,-0.16085836948614141,0.90934133260991601,0.80819259824397838
105,e11533080485289,4,this circle,0.0563438534737,0.0411125086248,0.224063,0.466927,0.90858298377970592,4.1104241503547669,4.8701613467394109,3.2031895396365311,12.18377503673071
106,e11533145279933,5,this square,0.0406594797969,0.0299319215119,0.017401,0.0114908,0.072199721867157909,-0.47573669629049781,-0.8425048217616411,-0.42482062473092957,-1.7430621427830686
107,e11533145279933,5,this shape,0.0702117010951,0.0616635866463,0.00810155,0.0358071,0.11105111745926087,-0.68210587612979423,-0.53749883897958917,-0.25629350979836329,-1.4758982249077466
108,e11533145279933,5,this circle,0.0519674606621,0.0310683324933,0.0489334,0.11466,0.21157619177898282,0.22401645585178892,0.4515708497673489,0.1797577695777646,0.85534507519690239
109,e11533145985106,4,this square,0.038339626044,0.0262249112129,0.131605,0.0690155,0.12722108972025611,2.0586337340381835,-0.12095646457461987,-0.18615243166836526,1.7515248377951984
110,e11533145985106,4,this shape,0.0737370997667,0.0523989796638,0.0534635,0.101027,0.26689688707928694,0.32454716260680233,0.2805779189841533,0.41972436621963294,1.0248494478105887
111,e11533146317748,7,this square,0.0295441169292,0.0188489705324,0.00071013,0.0139314,0.023507450305427485,-0.84613300482386389,-0.81189174602590131,-0.63603486609217019,-2.2940596169419356
112,e11533146317748,7,this shape,0.0504790879786,0.0253882445395,0.0180233,0.0586027,0.075538804836471352,-0.46192605021096339,-0.25156788069840846,-0.41033656281338954,-1.1238304937227614
113,e11533146317748,7,this circle,0.0523538254201,0.0280612912029,0.0262516,0.0882806,0.069001482613165119,-0.27932861260119035,0.12069124347150706,-0.43869374373026471,-0.597331112859948
114,e11533147693749,5,this square,0.044972717762,0.0362054817379,0.0030257,0.0408779,0.0096130779456581189,-0.79474696509359677,-0.47389456799290985,-0.69630499157684345,-1.96494652466335
115,e11533147693749,5,this shape,0.051453448832,0.0260922051966,0.0155055,0.0414336,0.045507348375329638,-0.51780054345848425,-0.46692377861356871,-0.54060510625917324,-1.5253294283312262
116,e11533147693749,5,this circle,0.0488254390657,0.0405279919505,0.015984,0.0385579,0.06554238322447517,-0.50718164199682203,-0.50299562773834217,-0.45369840524516308,-1.4638756749803272
117,e11533147991237,6,this square,0.0318257883191,0.0187443718314,0.110544,0.0177748,0.079762226262543826,1.5912432606256717,-0.76368338484727594,-0.39201647373465764,0.43554340204373809
118,e11533147991237,6,this shape,0.0529861934483,0.0287287626415,0.0236076,0.0453559,0.026172277546627508,-0.33800125852378132,-0.41772532282801544,-0.62447554782550707,-1.3802021291773039
119,e11533147991237,6,this circle,0.0488863363862,0.0442749448121,0.000763113,0.0394364,0.038435398087076064,-0.84495721503075483,-0.49197558446943435,-0.57128136282248076,-1.90821416232267
120,e11533148420272,7,this square,0.0464478209615,0.017050486058,0.0240351,0.0459363,0.037291511917277136,-0.32851450225403028,-0.41044571224604615,-0.5762432395599707,-1.3152034540600472
121,e11533148420272,7,this shape,0.0712367892265,0.0436527505517,0.0944696,0.145964,0.018380718678636335,1.2345371905862874,0.84423058389535399,-0.65827327675745584,1.4204944977241856
122,e11533148420272,7,this circle,0.0615222603083,0.0216200370342,0.0594173,0.0795323,0.17492913739386065,0.45667153842564917,0.010958458323039901,0.02079250585486124,0.4884225026035503
123,e11533148939408,5,this square,0.0426566153765,0.0205175057054,0.10925,0.0665368,0.067743499643487415,1.5625347750955063,-0.15204792346472584,-0.4441505423158264,0.96633630931495407
124,e11533148939408,5,this circle,0.0516050606966,0.0400657504797,0.172451,0.28197,1.0996580890716265,2.9650648178593761,2.5501895603693274,4.0320229892341315,9.5472773674628364
125,e11533153765735,5,this square,0.0308965146542,0.0226824637502,0.0379551,0.00859394,0.02149479765213826,-0.019609103091263819,-0.87884149826815083,-0.64476522287474991,-1.5432158242341645
126,e11533153765735,5,this shape,0.0606619082391,0.0374969094992,0.0161946,0.0384741,0.10936471589009517,-0.50250789268232565,-0.50404652633829783,-0.26360867536031846,-1.2701630943809419
127,e11533153765735,5,this circle,0.0589775629342,0.0490735843778,0.00506728,0.0263845,0.14576530351976197,-0.74944099626716998,-0.65568899812540504,-0.10571251946715099,-1.5108425138597261
128,e11533154273996,5,this square,0.0477559603751,0.0280632376671,0.0301275,0.0103098,0.081819169049546114,-0.19331657927167409,-0.85731896410441721,-0.38309399802453648,-1.4337295414006277
129,e11533154273996,5,this shape,0.0633009001613,0.0293093957007,0.00337477,0.0667794,0.034515562914959878,-0.78700036614384505,-0.14900438280623271,-0.58828457474061868,-1.5242893236906965
130,e11533154273996,5,this circle,0.0478845201433,0.0327853672206,0.00229077,0.0113645,0.066654860539734836,-0.81105606437526634,-0.84408953386119179,-0.44887277184097346,-2.1040183700774318
131,e11533156255593,6,this square,0.0497417226434,0.0242044813931,0.0704531,0.0166334,0.13511547525213818,0.70157203434452509,-0.77800044140497748,-0.15190866776805628,-0.22833707482850868
132,e11533156255593,6,this shape,0.0513965263963,0.034545250237,0.00190821,0.0544279,0.090315986345895313,-0.81954578925934796,-0.30393342431445503,-0.34623704389870014,-1.4697162574725031
133,e11533156255593,6,this circle,0.0565046928823,0.0459124110639,0.000593491,0.0666244,0.055141852988400374,-0.84872140946123098,-0.15094926949041917,-0.49881316438681106,-1.4984838433384613
134,e11533156546289,7,this square,0.0409769043326,0.0171568915248,0.00289446,0.055922,0.03000755811431963,-0.7976592798929083,-0.28519252388823857,-0.60783911149729786,-1.6906909152784446
135,e11533156546289,7,this shape,0.0679469779134,0.0235172770917,0.0160183,0.0582414,0.063511817809932314,-0.5064204991660346,-0.25609894052235238,-0.46250646286521718,-1.2250259025536041
136,e11533156546289,7,this circle,0.0425812378526,0.0280303005129,0.00562774,0.0288217,0.062021993070494733,-0.73700353014288056,-0.62511946061867851,-0.46896892994693029,-1.8310919207084893
137,e11533157120454,5,this square,0.0405569598079,0.0306212734431,0.0952386,0.0416496,0.093220198615008146,1.2516016044626663,-0.46421447884816064,-0.33363933647001687,0.45374778914448888
138,e11533157120454,5,this shape,0.0910756438971,0.0541920848191,0.0618691,0.0914125,0.4656668428189798,0.5110808916596653,0.15997485179456206,1.2819360491094298,1.9529917925636573
139,e11533157120454,5,this circle,0.0494689047337,0.0445664748549,0.0236993,0.165835,0.18962510987291961,-0.33596819617272883,1.0934762561099995,0.084539761398176025,0.84204782133544676
140,e11533157666476,5,this square,0.0340996421874,0.01281869784,0.0449279,0.0428639,0.026430121047462844,0.13512750599013373,-0.44898322461776757,-0.62335709067261336,-0.9372128093002472
141,e11533157666476,5,this shape,0.0557034611702,0.030051458627,0.000702495,0.0424134,0.034130695128415857,-0.84630242926988963,-0.45463419937035249,-0.58995402976812183,-1.890890658408364
142,e11533157666476,5,this circle,0.0578345842659,0.0429096370935,0.0435872,0.00856136,0.10553645401819114,0.10537531151691512,-0.8792501408195631,-0.280214666435951,-1.0540894957385989
143,e11533158163200,5,this square,0.0367609858513,0.0176764503121,0.0362565,0.0304037,0.025276758373513605,-0.057303157923476372,-0.60527528020831123,-0.62836007398760874,-1.2909385121193964
144,e11533158163200,5,this shape,0.0525977052748,0.0447424389422,0.00236433,0.0231645,0.06080835497787257,-0.8094238017589741,-0.69607936762183698,-0.47423337214275835,-1.9797365415235695
145,e11533158163200,5,this circle,0.046130001545,0.0404321551323,0.0159701,0.0298225,0.045400559427491084,-0.50748938112874409,-0.61256556799481976,-0.54106832857105258,-1.6611232776946165
146,e11533158505451,4,this shape,0.0709587037563,0.0588177628815,0.0844205,0.114105,0.42848091158082569,1.0115298641369581,0.44461230295951459,1.1206332796171363,2.5767754467136088
147,e11533159385631,6,this square,0.0428243540227,0.0324767529964,0.000238222,0.043501,0.022629515957865238,-0.85660537658978997,-0.44099218979460997,-0.63984311391544635,-1.9374406802998463
148,e11533159385631,6,this shape,0.0634539276361,0.0394135564566,0.0162121,0.0539722,0.21189372400314616,-0.50211934361045629,-0.30964939684171933,0.18113514068170622,-0.6306335997704694
149,e11533159385631,6,this circle,0.0590631887317,0.0437903031707,0.068156,0.0287312,0.17711102725255201,0.65059621485560448,-0.62625404794217887,0.03025696903261697,0.054599135946042585
150,e11533159607984,5,this square,0.0414103195071,0.0357522778213,0.00574198,0.0607134,0.075065625613821713,-0.73446845412397133,-0.2250919179937457,-0.41238908957655651,-1.3719494616942736
151,e11533159607984,5,this shape,0.0578873157501,0.0299290828407,0.0222356,0.0529875,0.048281433580825352,-0.36844920384569191,-0.32200042257933048,-0.52857185573794008,-1.2190214821629626
152,e11533159607984,5,this circle,0.0503995530307,0.0213558990508,0.000207402,0.075828,0.032482419866023779,-0.85728930885559274,-0.035506119099347352,-0.59710381345934449,-1.4898992414142844
153,e11533160231802,5,this square,0.038312394172,0.0121843889356,0.0341438,0.101172,0.036514268169640762,-0.10418763835562811,0.28238580101315658,-0.57961471809741505,-0.40141655543988658
154,e11533160231802,5,this shape,0.0567898973823,0.0320496931672,0.00141675,0.0682673,0.050640469424021922,-0.83045201294259319,-0.13034128345466836,-0.51833897996558964,-1.4791322763628512
155,e11533160231802,5,this circle,0.0612016767263,0.0538094602525,0.00880617,0.0843463,0.10706698181266827,-0.6664691940850006,0.071341437727516388,-0.27357564022862052,-0.86870339658610463
156,e11533161870392,5,this square,0.0457049012184,0.0251973960549,0.021878,0.0681283,0.041223296211303308,-0.37638494662355426,-0.13208505552906341,-0.55918819550013543,-1.067658197652753
157,e11533161870392,5,this shape,0.0773035362363,0.0281602777541,0.000424837,0.0760914,0.039256429137522746,-0.8524641019374174,-0.032201185520971967,-0.56771994650543189,-1.4523852339638212
158,e11533161870392,5,this circle,0.0630742907524,0.0412089377642,0.0583231,0.0289638,0.14420114900905712,0.43238912284416731,-0.62333676464327137,-0.11249740950727682,-0.30344505130638089
159,e11533162144527,5,this square,0.0375640615821,0.012369309552,0.0208316,0.0402042,0.032060714157214419,-0.39960608588373342,-0.48234469924757317,-0.59893306168513216,-1.4808838468164387
160,e11533162144527,5,this circle,0.0546382255852,0.0452767498791,0.0125301,0.0433916,0.051289091777693439,-0.5838299733743485,-0.44236457271505009,-0.51552542713745775,-1.5417199732268565
161,e11533164692587,4,this square,0.0546734184027,0.0338819399476,0.282853,0.0159217,0.27201587663993787,5.4150618172316314,-0.78692786940260417,0.4419291938423961,5.0700631416714232
