,Unnamed: 0,session_id,age,tracing_item,pre_mse,post_mse,rotate,translate,scale,correct,condition,norm_r,norm_t,norm_s,spatial
0,0,e11532111112405,7,this square,0.0389755096436,0.0146105392456,0.077485,0.0818513,0.0263065265871,0.177777777778,S,0.884665276627,0.0232857116688,-0.636710670305,0.27124031799
1,1,e11532111112405,7,this shape,0.0563080871582,0.0350574066162,0.0426124,0.0472761,0.0758856925191,0.177777777778,S,0.104124556373,-0.394871854696,-0.411504603048,-0.702251901371
2,2,e11532111112405,7,this circle,0.0542330566406,0.0377314086914,0.00544081,0.22164,0.387810490028,0.177777777778,S,-0.727873620752,1.7139108591,1.00536789988,1.99140513822
3,3,e11532113637303,4,this shape,0.0659660095215,0.0339701141357,0.0155123,0.0508782,0.0537630743918,0.186666666667,W,-0.50244712377,-0.351307526224,-0.511993341255,-1.36574799125
4,4,e11532113637303,4,this circle,0.0603958740234,0.0443938690186,0.0460607,0.0684193,0.275461272625,0.186666666667,W,0.181306600891,-0.139162876667,0.49503810842,0.537181832644
5,5,e11532114278628,5,this square,0.0546294921875,0.0208337036133,0.192203,0.0767122,0.207082843565,0.166666666667,P,3.45235653986,-0.03886732141,0.184439154112,3.59792837256
6,6,e11532114278628,5,this shape,0.0809687438965,0.0526455200195,5.54555e-05,0.0978361,0.406265001375,0.166666666667,P,-0.848412051504,0.216608239574,1.08919480268,0.457390990749
7,7,e11532114278628,5,this circle,0.0513868347168,0.0355137359619,0.000189172,0.0149775,0.0615749207901,0.166666666667,P,-0.845419123726,-0.785495885013,-0.476509178254,-2.10742418699
8,8,e11532119809715,7,this square,0.0446450836182,0.0324294158936,0.0396971,0.0890933,0.112641871692,0.593333333333,W,0.0388724569664,0.110871527387,-0.244545066652,-0.0948010822986
9,9,e11532119809715,7,this shape,0.0502148590088,0.0318387268066,0.00829289,0.0746582,0.0461653861068,0.593333333333,W,-0.664036551608,-0.0637087002397,-0.546504722533,-1.27424997438
10,10,e11532119809715,7,this circle,0.0582906311035,0.0169860015869,0.10165,0.26413,1.04821330039,0.593333333333,W,1.42554168117,2.22779118357,4.00515050877,7.65848337351
11,11,e11532122541242,5,this square,0.0428500213623,0.0349391326904,0.05565,0.0687247,0.0738325796832,0.0333333333333,P,0.395940414507,-0.13546932404,-0.420830566055,-0.160359475588
12,12,e11532122541242,5,this shape,0.0595754943848,0.0490057373047,0.0255952,0.0192192,0.0500366929952,0.0333333333333,P,-0.27676524091,-0.734196139841,-0.528919880532,-1.53988126128
13,13,e11532122541242,5,this circle,0.0519750061035,0.0428488311768,0.00635572,0.122179,0.370643928218,0.0333333333333,P,-0.707395523037,0.511014861149,0.927391318368,0.731010656479
14,14,e11532460938594,6,this square,0.0450003509521,0.0179805770874,0.0489549,0.0409822,0.021549803726,0.606666666667,S,0.246086426672,-0.470991209232,-0.658317384102,-0.883222166662
15,15,e11532460938594,6,this shape,0.0551332702637,0.0394404327393,0.0369851,0.0312848,0.084246698797,0.606666666667,S,-0.021829252494,-0.58827299456,-0.373525962085,-0.983628209139
16,16,e11532460938594,6,this circle,0.0561340209961,0.0226919799805,0.0380754,0.111247,0.0459187496198,0.606666666667,S,0.00257453578945,0.378801641399,-0.54762503249,-0.166248855302
17,17,e11532462743178,6,this square,0.0376783843994,0.0218240234375,0.00276137,0.0195032,0.0468143081169,0.386666666667,P,-0.787846551576,-0.73076140197,-0.54355708977,-2.06216504332
18,18,e11532462743178,6,this shape,0.0635767883301,0.0344647033691,0.0365128,0.0334218,0.145118302946,0.386666666667,P,-0.0324005715862,-0.562427801493,-0.0970256555497,-0.691854028629
19,19,e11532462743178,6,this circle,0.0552626464844,0.0300549499512,0.0246903,0.118409,0.0826236181001,0.386666666667,P,-0.297019288436,0.465419925322,-0.380898567366,-0.21249793048
20,20,e11532463640792,6,this square,0.0322264434814,0.0168045318604,0.0248393,0.02539,0.00758356014322,0.1,S,-0.293684275637,-0.659565574855,-0.721756990891,-1.67500684138
21,21,e11532463640792,6,this shape,0.0640923400879,0.0336205871582,0.0108907,0.0640952,0.0861783908168,0.1,S,-0.605890715379,-0.191459179587,-0.364751535272,-1.16210143024
22,22,e11532463640792,6,this circle,0.0582359802246,0.03134453125,0.151114,0.103414,0.205303159044,0.1,S,2.53267639973,0.284068184547,0.176355198999,2.99309978328
23,23,e11532466284265,5,this square,0.0438374481201,0.0158470230103,0.0583819,0.0578785,0.00348733783754,0.453333333333,P,0.457087538429,-0.26664486594,-0.740363478086,-0.549920805598
24,24,e11532466284265,5,this shape,0.071481072998,0.0285762817383,0.0229931,0.0586525,0.121419951235,0.453333333333,P,-0.335007098648,-0.257283995826,-0.204671931739,-0.796963026213
25,25,e11532466284265,5,this circle,0.0518680236816,0.0390571838379,0.0354213,0.259404,0.398992708478,0.453333333333,P,-0.0568312190331,2.1706342428,1.05616148208,3.16996450585
26,26,e11532468221484,7,this square,0.0389604187012,0.0193074707031,0.0329855,0.0240611,0.0636604352084,0.56,W,-0.111350844366,-0.67563748738,-0.467036035826,-1.25402436757
27,27,e11532468221484,7,this shape,0.0600640686035,0.024452684021,0.00984379,0.0545352,0.0589994011501,0.56,W,-0.629323321076,-0.307079229057,-0.488208097314,-1.42461064745
28,28,e11532468221484,7,this circle,0.0521807617188,0.033487512207,0.0228691,0.0717896,0.0644124456295,0.56,W,-0.337782545541,-0.0984019715693,-0.463620139122,-0.899804656233
29,29,e11532471274122,4,this square,0.0401595123291,0.0143954223633,0.0372867,0.0484351,0.0246666173902,0.02,S,-0.0150786494065,-0.38085473782,-0.644159716572,-1.0400931038
30,30,e11532471274122,4,this shape,0.0555931274414,0.0352719940186,0.00948197,0.0546283,0.194380431117,0.02,S,-0.637421806518,-0.305953263931,0.12674031432,-0.816634756129
31,31,e11532471274122,4,this circle,0.0609951660156,0.0435913726807,0.014406,0.0608992,0.193935112907,0.02,S,-0.527209034234,-0.230112074786,0.124717521868,-0.632603587152
32,32,e11532472926384,4,this square,0.0466796569824,0.0228146347046,0.017105,0.0280611,0.0677164810713,0.613333333333,W,-0.466798299044,-0.627260897643,-0.448612044211,-1.5426712409
33,33,e11532472926384,4,this shape,0.0691772888184,0.0384647399902,0.0469536,0.118066,0.0691108217247,0.613333333333,W,0.201292056782,0.461271632752,-0.442278456926,0.220285232608
34,34,e11532472926384,4,this circle,0.0617752807617,0.0348906799316,0.111023,0.366623,0.584034398419,0.613333333333,W,1.63533413057,3.46735663654,1.89668613567,6.99937690278
35,35,e11532541142092,5,this square,0.0524588195801,0.0347871887207,0.0751365,0.0567925,0.0841004579328,0.22,P,0.832099655437,-0.279779110054,-0.374190239696,0.178130305687
36,36,e11532541142092,5,this shape,0.0499866546631,0.0207205535889,0.00274121,0.038502,0.0250512436959,0.22,P,-0.788297785523,-0.500987113698,-0.642412608164,-1.93169750738
37,37,e11532541142092,5,this circle,0.0559255187988,0.03657265625,0.0249177,0.0844272,0.129208513248,0.22,P,-0.291929476957,0.0544390260444,-0.169293534634,-0.406783985546
38,38,e11532542255729,6,this square,0.0401683654785,0.0224692810059,0.000554524,0.0175278,0.0762393202964,0.386666666667,P,-0.837241582814,-0.754652180811,-0.409898300894,-2.00179206452
39,39,e11532542255729,6,this shape,0.0502370239258,0.0293515045166,0.00714454,0.0393622,0.0478948544525,0.386666666667,P,-0.689739651925,-0.490583728075,-0.538648867009,-1.71897224701
40,40,e11532542255729,6,this circle,0.0518022277832,0.0343552246094,0.00545177,0.0359902,0.0526012827743,0.386666666667,P,-0.727628307059,-0.531365193223,-0.517270608757,-1.77626410904
41,41,e11532543756370,6,this square,0.038964654541,0.0146962768555,0.0394582,0.0428116,0.0136086875022,0.473333333333,S,0.0335252451707,-0.448866175916,-0.694388736267,-1.10972966701
42,42,e11532543756370,6,this shape,0.0738802124023,0.0368120666504,0.0558869,0.164557,0.170883778879,0.473333333333,S,0.401242861031,1.02354064111,0.02001022831,1.44479373045
43,43,e11532543756370,6,this circle,0.0486405456543,0.0313666259766,0.0598139,0.199219,0.385365119816,0.473333333333,S,0.489139473513,1.44274797948,0.99426016545,2.92614761844
44,44,e11532544321666,4,this square,0.0392080688477,0.0302866851807,0.030841,0.0383191,0.0190376291656,0.0533333333333,W,-0.159350407765,-0.503199133264,-0.669728567456,-1.33227810849
45,45,e11532544321666,4,this shape,0.0546796569824,0.037861340332,0.0329425,0.0366244,0.0636962301589,0.0533333333333,W,-0.112313297724,-0.523695084921,-0.466873442529,-1.10288182517
46,46,e11532544321666,4,this circle,0.0590536743164,0.036746975708,0.0270258,0.0939978,0.293420565172,0.0533333333333,W,-0.244744641517,0.170187273478,0.576615552678,0.502058184639
47,47,e11532545713435,6,this square,0.0236484420776,0.017672203064,0.00168982,0.0140034,0.0170757929712,0.473333333333,P,-0.811830665431,-0.797276794028,-0.678639919748,-2.28774737921
48,48,e11532545713435,6,this shape,0.0534738525391,0.0197832885742,0.0187939,0.0480366,0.0455159158045,0.473333333333,P,-0.428996264712,-0.385674255573,-0.549454845833,-1.36412536612
49,49,e11532545713435,6,this circle,0.0513752075195,0.0269921936035,0.000223342,0.0277021,0.136906624968,0.473333333333,P,-0.844654309046,-0.631602696572,-0.134325994678,-1.6105830003
50,50,e11532546711242,7,this square,0.0415380371094,0.00954547729492,0.0220174,0.0470959,0.0185291324614,0.625,S,-0.356845836819,-0.397051220064,-0.672038338926,-1.42593539581
51,51,e11532546711242,7,this shape,0.053531262207,0.0291321380615,0.00549272,0.0503159,0.0619987587138,0.625,S,-0.726711738105,-0.358108065326,-0.47458395684,-1.55940376027
52,52,e11532546711242,7,this circle,0.0557330871582,0.0311642303467,0.139681,0.291317,0.344287023638,0.625,S,2.27677571969,2.55659476987,0.807668956888,5.64103944645
53,53,e11532547010484,6,this square,0.0347542419434,0.0142185440063,0.0127209,0.0423175,0.0234899039892,0.393333333333,W,-0.564926014548,-0.454841894163,-0.64950476408,-1.66927267279
54,54,e11532547010484,6,this shape,0.0528134338379,0.0432505340576,0.00729381,0.0253734,0.122635853736,0.393333333333,W,-0.686398595814,-0.659766337702,-0.19914887351,-1.54531380703
55,55,e11532547010484,6,this circle,0.0633659057617,0.0294440704346,0.081084,0.107424,0.227874000084,0.393333333333,W,0.965220384425,0.332565715758,0.278879923849,1.57666602403
56,56,e11532547528521,4,this square,0.0512919067383,0.0233244277954,0.0550438,0.0266709,0.166795862969,0.00666666666667,P,0.382372060424,-0.644074181406,0.00144147169533,-0.260260649287
57,57,e11532547528521,4,this circle,0.0559880493164,0.0411356384277,0.0055092,0.227877,0.25489609401,0.00666666666667,P,-0.72634287226,1.78934205664,0.401623810071,1.46462299445
58,58,e11532552096322,4,this square,0.0784597290039,0.0432874389648,0.103626,0.143247,0.313024431623,0.0266666666667,S,1.46976977036,0.765814359291,0.665663231952,2.9012473616
59,59,e11532552096322,4,this shape,0.0900463500977,0.0488427062988,0.0530519,0.167,0.959934912022,0.0266666666667,S,0.337788087314,1.05308664329,3.60415891697,4.99503364758
60,60,e11532552096322,4,this circle,0.0589260070801,0.0363421508789,0.135822,0.0612606,0.279379154707,0.0266666666667,S,2.19040112648,-0.225741249903,0.512834511388,2.47749438796
61,61,e11532552431212,6,this square,0.0561682495117,0.0162058410645,0.0340514,0.120008,0.296333602993,0.46,W,-0.087493192407,0.484758467069,0.589847598419,0.987112873081
62,62,e11532552431212,6,this shape,0.060907409668,0.0443104034424,0.0376643,0.0289851,0.131720471998,0.46,W,-0.0066269659654,-0.616085905414,-0.157883331567,-0.780596202946
63,63,e11532552431212,6,this circle,0.0605651000977,0.0323218292236,0.0236259,0.0879235,0.133231411366,0.46,W,-0.320843366441,0.0967237937184,-0.151020111774,-0.375139684496
64,64,e11532553232054,6,this square,0.035163772583,0.0197060775757,0.117012,0.0323723,0.094235167679,0.566666666667,P,1.76938373896,-0.575120609225,-0.328154811672,0.86610831806
65,65,e11532553232054,6,this shape,0.0489498565674,0.0314007965088,0.00782891,0.0435229,0.123214138622,0.566666666667,P,-0.674421647167,-0.440263608846,-0.196522099493,-1.31120735551
66,66,e11532553232054,6,this circle,0.0613489257813,0.0307912597656,0.14187,0.126653,0.181163590294,0.566666666667,P,2.32577131041,0.565124076769,0.0667047593203,2.9576001465
67,67,e11532554214992,6,this square,0.0736365478516,0.0376608306885,0.0175146,0.044637,0.12192899177,0.34,S,-0.457630371244,-0.42678951919,-0.202359690001,-1.08677958043
68,68,e11532554214992,6,this shape,0.0770494689941,0.0405532104492,0.0460649,0.107194,0.373213888564,0.34,S,0.181400607963,0.329784061848,0.939064985152,1.45024965496
69,69,e11532554214992,6,this circle,0.0541762695313,0.0382058807373,0.000150216,0.0393942,0.0120179672765,0.34,S,-0.846291061703,-0.490196715357,-0.701614348869,-2.03810212593
70,70,e11532554599143,4,this circle,0.059305480957,0.0416864624023,0.0218541,0.0344088,0.193634712807,0.166666666667,W,-0.360500921316,-0.550490877976,0.123352998609,-0.787638800682
71,71,e11532555203616,4,this square,0.0519236450195,0.0449061004639,0.00387661,0.0382507,0.0522235056662,0.0,P,-0.762884540345,-0.504026372948,-0.518986605693,-1.78589751899
72,72,e11532555203616,4,this circle,0.0548366821289,0.0283451049805,0.0107969,0.485153,0.650706832899,0.0,P,-0.607990206657,4.90087593191,2.19953586058,6.49242158583
73,73,e11532555995167,5,this square,0.0510711975098,0.0236940383911,0.000207952,0.00764189,0.0663869327872,0.54,S,-0.844998777818,-0.874213833872,-0.454651321691,-2.17386393338
74,74,e11532555995167,5,this shape,0.0518787658691,0.0294526092529,0.0154146,0.0382614,0.101667487482,0.54,S,-0.50463390733,-0.503896965571,-0.294394592394,-1.3029254653
75,75,e11532555995167,5,this circle,0.0531154296875,0.0421874572754,0.000159594,0.219959,0.292087141597,0.54,S,-0.846081157341,1.69358059726,0.57055867226,1.41805811218
76,76,e11532557358704,7,this square,0.0333255065918,0.0106891403198,0.00602544,0.0120043,0.0658775617405,0.553333333333,S,-0.714788060132,-0.821454204164,-0.456965064733,-1.99320732903
77,77,e11532557358704,7,this shape,0.0572926696777,0.0252146362305,0.0307937,0.0576739,0.0324036310626,0.553333333333,S,-0.160409106459,-0.269119328505,-0.609015470219,-1.03854390518
78,78,e11532557358704,7,this circle,0.0484963409424,0.0385870422363,0.0010998,0.088757,0.118537050456,0.553333333333,S,-0.82503686846,0.106804265605,-0.217767084402,-0.935999687257
79,79,e11532557578120,7,this square,0.0462158752441,0.0318185852051,0.00470895,0.0169685,0.0451274553172,0.953333333333,W,-0.744254576904,-0.761416437471,-0.551219370447,-2.05689038482
80,80,e11532557578120,7,this shape,0.0496530761719,0.0216788085938,0.00280288,0.0460297,0.0532675554119,0.953333333333,W,-0.786917448346,-0.409946000058,-0.514244163322,-1.71110761173
81,81,e11532557578120,7,this circle,0.0532462280273,0.0417583312988,0.0458865,0.204076,0.323008408846,0.953333333333,W,0.177407545659,1.50148925356,0.711013979662,2.38991077888
82,82,e11532558017061,6,this square,0.0453923400879,0.0228865264893,0.00304289,0.0211522,0.101491273903,0.6,P,-0.781545391824,-0.710818152851,-0.295195016656,-1.78755856133
83,83,e11532558017061,6,this shape,0.0688047180176,0.0575018127441,0.0217406,0.033431,0.170332199775,0.6,P,-0.363041350528,-0.562316535337,0.0175047613778,-0.907853124487
84,84,e11532558017061,6,this circle,0.0544703369141,0.0296958557129,0.0653876,0.36906,0.511565400646,0.6,P,0.613893573077,3.49683007384,1.56750637478,5.6782300217
85,85,e11532559138714,5,this square,0.03705105896,0.0281528778076,0.0481691,0.00982397,0.104779312392,0.0933333333333,P,0.228498151122,-0.847823436639,-0.280259585547,-0.899584871065
86,86,e11532559138714,5,this shape,0.0647416687012,0.0534244812012,0.0505505,0.0189286,0.0688246719264,0.0933333333333,P,0.281800161044,-0.737710699086,-0.443578250287,-0.899488788329
87,87,e11532559138714,5,this circle,0.0500291473389,0.0348736755371,0.0399898,0.0286895,0.0259194606884,0.0933333333333,P,0.0454238545915,-0.619660935396,-0.638468860206,-1.21270594101
88,88,e11533072218503,5,this square,0.0471081695557,0.0392322967529,0.0275531,0.174594,0.321564219756,0.106666666667,W,-0.232942277432,1.14492959891,0.704453963186,1.61644128466
89,89,e11533072218503,5,this shape,0.063467010498,0.0529037658691,0.0822198,0.0252986,0.223136566385,0.106666666667,W,0.990642582657,-0.66067097993,0.25736082823,0.587332430957
90,90,e11533072218503,5,this circle,0.0537069580078,0.0339838623047,0.0609312,0.153757,0.137995055995,0.106666666667,W,0.514147592974,0.892923848824,-0.129381956865,1.27768948493
91,91,e11533073144281,5,this square,0.0351895507813,0.0243072479248,0.0638328,0.0171182,0.0384211928176,0.44,W,0.579093050264,-0.7596059436,-0.581681581239,-0.762194474575
92,92,e11533073144281,5,this shape,0.0575833435059,0.0322995666504,0.0421349,0.0210339,0.223902405178,0.44,W,0.0934368475721,-0.712248890493,0.260839538279,-0.357972504642
93,93,e11533073144281,5,this circle,0.0553666503906,0.0294235412598,0.0134475,0.0411993,0.041880060558,0.44,W,-0.548662791062,-0.468365569824,-0.56597018339,-1.58299854428
94,94,e11533077186611,5,this square,0.0513874267578,0.0354438446045,0.000948998,0.155709,0.973648435816,0.06,P,-0.828412214769,0.916531624616,3.6664505813,3.75456999115
95,95,e11533077186611,5,this shape,0.0598818786621,0.0501951416016,0.000628128,0.0354244,0.0606441051947,0.06,P,-0.835594131257,-0.538208061842,-0.480737271157,-1.85453946426
96,96,e11533077186611,5,this circle,0.0533800842285,0.0409176544189,0.0514535,0.0852061,0.0479763458905,0.06,P,0.302011681561,0.0638591574809,-0.53827870414,-0.172407865098
97,97,e11533077471951,5,this square,0.0770470458984,0.0468223236084,0.00547128,0.0855794,0.108457028519,0.0466666666667,W,-0.727191621826,0.0683739027181,-0.263554101097,-0.922371820204
98,98,e11533077471951,5,this shape,0.058556451416,0.0377342895508,0.0191034,0.0424737,0.101074315808,0.0466666666667,W,-0.422068838799,-0.452952788334,-0.29708898746,-1.17211061459
99,99,e11533077471951,5,this circle,0.0632792175293,0.0438772247314,0.0126293,0.05865,0.206234071713,0.0466666666667,W,-0.566976264026,-0.257314231195,0.180583732844,-0.643706762378
100,100,e11533079562976,5,this shape,0.0807836242676,0.0382508666992,0.0182708,0.0648348,0.335895484928,0.486666666667,S,-0.440704621725,-0.182514348144,0.769551626843,0.146332656973
101,101,e11533079562976,5,this circle,0.0589718261719,0.0127975616455,0.0996993,0.15165,0.0620549813198,0.486666666667,S,1.38187987267,0.867441480181,-0.474328573924,1.77499277893
102,102,e11533079944053,6,this square,0.0702814819336,0.0169433746338,0.0751841,0.406368,1.37115517667,0.04,W,0.833165068921,3.94803852631,5.47206647123,10.2532700665
103,103,e11533080485289,4,this square,0.0654160583496,0.0261920074463,0.0454281,0.055575,0.482814533492,0.186666666667,S,0.16714734521,-0.294503734555,1.43690979051,1.30955340116
104,104,e11533080485289,4,this circle,0.0563438598633,0.0255914596558,0.203058,0.416903,0.801653589636,0.186666666667,S,3.69532005615,4.07545036953,2.88518929607,10.6559597218
105,105,e11533145279933,5,this square,0.0406594848633,0.029931918335,0.0174008,0.0114907,0.0721996454658,0.62,W,-0.460177515247,-0.827665758286,-0.428247929503,-1.71609120304
106,106,e11533145279933,5,this shape,0.0702117431641,0.0616792114258,0.00711504,0.0352834,0.111046583986,0.62,W,-0.690399939693,-0.53991333663,-0.251791426361,-1.48210470268
107,107,e11533145279933,5,this circle,0.0519674804688,0.0311311462402,0.0932676,0.115847,0.210436101635,0.62,W,1.23792147122,0.434434719596,0.19967083557,1.87202702638
108,108,e11533145985106,4,this square,0.0383396331787,0.0262252746582,0.131071,0.0692148,0.127429096176,0.04,P,2.08406122174,-0.129541982383,-0.177376274898,1.77714296446
109,109,e11533145985106,4,this shape,0.073737121582,0.0523623962402,0.0530428,0.0943058,0.267712587389,0.04,P,0.337584405324,0.173912270887,0.459840845707,0.971337521919
110,110,e11533146317748,7,this square,0.029544128418,0.0188489654541,0.000710046,0.0139316,0.023507541379,0.833333333333,P,-0.833760590462,-0.798145153814,-0.649424648832,-2.28133039311
111,111,e11533146317748,7,this shape,0.050479107666,0.0253882415771,0.0180232,0.0586026,0.0755391362359,0.833333333333,P,-0.446246562456,-0.257887493783,-0.413078783979,-1.11721284022
112,112,e11533146317748,7,this circle,0.0523538330078,0.0280612762451,0.0263243,0.0882691,0.0689968603712,0.833333333333,P,-0.260446060833,0.100903531072,-0.442796109608,-0.60233863937
113,113,e11533147693749,5,this square,0.0449727355957,0.0361630554199,0.0028016,0.041554,0.00963413598216,0.173333333333,S,-0.786946098121,-0.464075775729,-0.712442551819,-1.96346442567
114,114,e11533147693749,5,this shape,0.0514534729004,0.0259172424316,0.0154604,0.0414184,0.0455068666829,0.173333333333,S,-0.503608782591,-0.465715742121,-0.549495950136,-1.51882047485
115,115,e11533147693749,5,this circle,0.0488254455566,0.0241725662231,0.00936505,0.0410478,0.0492957315628,0.173333333333,S,-0.640038784346,-0.47019783316,-0.53228558883,-1.64252220634
116,116,e11533147991237,6,this square,0.0318257873535,0.0187443710327,0.110542,0.0177734,0.0797633217299,0.473333333333,W,1.62456808254,-0.751681858202,-0.393891042827,0.47899518151
117,117,e11533147991237,6,this shape,0.0529862182617,0.0286789428711,0.0242693,0.0450246,0.0260612224611,0.473333333333,W,-0.306442378289,-0.422101827644,-0.637824928209,-1.36636913414
118,118,e11533147991237,6,this circle,0.0488863464355,0.0442747528076,0.00109505,0.0395235,0.0385862974553,0.473333333333,W,-0.825143185982,-0.488632942094,-0.580931617712,-1.89470774579
119,119,e11533148420272,7,this square,0.0464478271484,0.0170504852295,0.0240312,0.0459364,0.037292249805,0.446666666667,P,-0.311771683976,-0.411074384014,-0.586809638786,-1.30965570678
120,120,e11533148420272,7,this shape,0.0712368103027,0.0432710540771,0.0943864,0.1458,0.0192483185592,0.446666666667,P,1.26296316463,0.796690717691,-0.668771541882,1.39088234044
121,121,e11533148420272,7,this circle,0.0615222717285,0.0216198974609,0.0596872,0.0796083,0.174865624015,0.446666666667,P,0.486303593502,-0.00384146102597,0.0380971740402,0.520559306516
122,122,e11533148939408,5,this square,0.0426566223145,0.0205175079346,0.10925,0.0665373,0.0677435799787,0.155555555556,S,1.59564971653,-0.161924062138,-0.448488951411,0.985236702978
123,123,e11533148939408,5,this circle,0.0516050598145,0.0136678985596,0.175356,0.285534,1.14639687774,0.155555555556,S,3.07527626726,2.48665431525,4.45113496435,10.0130655469
124,124,e11533153765735,5,this square,0.0308965209961,0.0120496131897,0.0449155,0.0384894,0.0392035241066,0.64,S,0.155674005878,-0.501139499956,-0.578127956454,-0.923593450531
125,125,e11533153765735,5,this shape,0.0606619262695,0.0370719024658,0.0162679,0.0384371,0.109422859716,0.64,S,-0.485534803834,-0.501772023867,-0.259166954979,-1.24647378268
126,126,e11533153765735,5,this circle,0.0589775756836,0.048402633667,0.00212574,0.0548179,0.185062376955,0.64,S,-0.802073626644,-0.303660213577,0.0844144241453,-1.02131941608
127,127,e11533154273996,5,this square,0.0477559692383,0.0280634490967,0.0297482,0.0103603,0.0818137643263,0.54,W,-0.183810152639,-0.841336982546,-0.38457720899,-1.40972434417
128,128,e11533154273996,5,this shape,0.0633009155273,0.0291343597412,0.0033699,0.0667898,0.0344979433206,0.54,W,-0.77422604595,-0.158870289911,-0.599502364898,-1.53259870076
129,129,e11533154273996,5,this circle,0.0478845367432,0.0327853668213,0.00229076,0.0113645,0.0666548604462,0.54,W,-0.798380044013,-0.829192039692,-0.453434299717,-2.08100638342
130,130,e11533156255593,6,this square,0.0497417358398,0.0242060470581,0.0704733,0.0170211,0.135440514672,0.333333333333,W,0.727724946161,-0.760780285316,-0.140985585007,-0.174040924162
131,131,e11533156255593,6,this shape,0.0513965515137,0.0344452484131,0.00191656,0.0544255,0.0903178590736,0.333333333333,W,-0.806755626491,-0.308405957031,-0.345948609706,-1.46111019323
132,132,e11533156255593,6,this circle,0.056504699707,0.0459105621338,2.37221e-05,0.0676075,0.0551257763252,0.333333333333,W,-0.849122328653,-0.148980905554,-0.505803468201,-1.50390670241
133,133,e11533156546289,7,this square,0.0409769165039,0.0171568908691,0.00289442,0.0559219,0.0300075598141,0.7,P,-0.784868541826,-0.29030827481,-0.61989927136,-1.695076088
134,134,e11533156546289,7,this shape,0.0679470092773,0.0230922714233,0.0160183,0.0582414,0.0635118178099,0.7,P,-0.491121509837,-0.262255899837,-0.467711108494,-1.22108851817
135,135,e11533156546289,7,this circle,0.0425812469482,0.0280345245361,0.0066651,0.0287383,0.0620910646967,0.7,P,-0.70047078304,-0.619070741001,-0.474164670493,-1.79370619453
136,136,e11533157120454,5,this square,0.0405569580078,0.0306214508057,0.0953496,0.0415102,0.0934250516926,0.24,P,1.28452211985,-0.464605499387,-0.331834644358,0.488081976107
137,137,e11533157120454,5,this shape,0.0910756530762,0.0468563415527,0.0250869,0.0258326,0.632798456235,0.24,P,-0.288142334906,-0.6542127052,2.11818969423,1.17583465412
138,138,e11533157120454,5,this circle,0.0494689086914,0.0443112457275,0.0293123,0.190606,0.229550619084,0.24,P,-0.193566743773,1.33858108763,0.286495718994,1.43151006285
139,139,e11533157666476,5,this square,0.0340996459961,0.0128186355591,0.0449691,0.0428921,0.0264527232565,0.606666666667,W,0.15687371518,-0.447892597048,-0.636046593443,-0.92706547531
140,140,e11533157666476,5,this shape,0.0557034973145,0.030001461792,0.000702531,0.0424134,0.0341308136794,0.606666666667,W,-0.833928795973,-0.453682065424,-0.601169997282,-1.88878085868
141,141,e11533157666476,5,this circle,0.0578345703125,0.0425658599854,0.0457404,0.0102653,0.122487793192,0.606666666667,W,0.174137442506,-0.842485926552,-0.199821416751,-0.868169900797
142,142,e11533158163200,5,this square,0.0367610046387,0.0176764038086,0.0362342,0.0304259,0.0252744925089,0.54,S,-0.0386363740404,-0.598660657791,-0.641398533275,-1.27869556511
143,143,e11533158163200,5,this shape,0.0525977294922,0.044623538208,0.00309245,0.0253848,0.0518263574642,0.54,S,-0.780436108373,-0.659628464421,-0.520790592973,-1.96085516577
144,144,e11533158163200,5,this circle,0.0461300109863,0.0403282897949,0.0146359,0.028788,0.0397739562028,0.54,S,-0.522063266164,-0.618469661873,-0.575536852578,-1.71606978062
145,145,e11533159385631,6,this square,0.0428243652344,0.0324767456055,0.00023828,0.0435009,0.0226294430248,0.486666666667,S,-0.844319957226,-0.44052968009,-0.653413281422,-1.93826291874
146,146,e11533159385631,6,this shape,0.0634539489746,0.0393674468994,0.01628,0.0539202,0.212264174356,0.486666666667,S,-0.485263973935,-0.314517129729,0.207974586963,-0.591806516702
147,147,e11533159385631,6,this circle,0.0590632080078,0.0283608703613,0.0789386,0.179484,0.53891336135,0.486666666667,S,0.917200676653,1.20406997986,1.6917304629,3.81300111942
148,148,e11533159607984,5,this square,0.0414103210449,0.0357507049561,0.00576566,0.0606116,0.0751257138518,0.46,W,-0.720602621372,-0.233590351588,-0.414956694338,-1.3691496673
149,149,e11533159607984,5,this shape,0.0578873352051,0.029679083252,0.0222356,0.0529875,0.0482814207457,0.46,W,-0.351961945594,-0.325797341041,-0.536892946493,-1.21465223313
150,150,e11533159607984,5,this circle,0.0503995544434,0.0213559082031,0.000207504,0.075828,0.0324824106944,0.46,W,-0.845008805239,-0.0495609665713,-0.608657625332,-1.50322739714
151,151,e11533160231802,5,this square,0.0383124053955,0.0121843780518,0.0342681,0.101158,0.0364913101609,0.66,S,-0.0826428751356,0.256783787936,-0.590447789287,-0.416306876486
152,152,e11533160231802,5,this shape,0.0567899108887,0.0316246887207,0.00141674,0.0682673,0.050640469424,0.66,S,-0.817942915733,-0.141001187077,-0.52617731493,-1.48512141774
153,153,e11533160231802,5,this circle,0.0612016845703,0.054229876709,0.0105962,0.0713197,0.0937318631593,0.66,S,-0.612482401749,-0.104085011449,-0.330440998408,-1.04700841161
154,154,e11533161870392,5,this square,0.0457049133301,0.0251752975464,0.0270576,0.0701478,0.0444637522556,0.52,S,-0.244032873684,-0.118258142827,-0.554234143961,-0.916525160472
155,155,e11533161870392,5,this shape,0.0773035827637,0.0279852722168,0.000422778,0.0761012,0.039256163964,0.52,S,-0.840190405607,-0.0462568454923,-0.577888847646,-1.46433609874
156,156,e11533161870392,5,this circle,0.0630743041992,0.0412054046631,0.0613162,0.0298181,0.143134024972,0.52,S,0.522764907923,-0.606011480602,-0.106038946321,-0.189285519
157,157,e11533162144527,5,this square,0.0375640625,0.0123693031311,0.0207557,0.0401913,0.0320906734567,0.413333333333,W,-0.385086008953,-0.480556470438,-0.610437034102,-1.47607951349
158,158,e11533162144527,5,this circle,0.0546382446289,0.0452761657715,0.0118376,0.0432305,0.051053337102,0.413333333333,W,-0.584696597131,-0.443799937556,-0.524301924243,-1.55279845893
159,159,e11533164692587,4,this square,0.0546734313965,0.0338804290771,0.282669,0.0160651,0.273178687981,0.0133333333333,P,5.4772241092,-0.772342290263,0.484669803484,5.18955162242
